cmb.pb,12.1.5
com.yitong.mbank.psbc,9.4.0
com.cib.cibmb,6.0.9
cn.com.spdb.mobilebank.per,13.0.5
com.ecitic.bank.mobile,10.2.0
cn.com.cmbc.newmbank,8.2
com.cebbank.mobile.cemb,11.0.4
com.pingan.paces.ccms,6.20.2
com.hxb.mobile.client,5.3.7.5
com.bankofbeijing.mobilebanking,8.1.1
com.cgbchina.xpt,9.1.2
cn.jsb.china,9.0.5
cn.com.shbank.mper,8.1.1
com.nbbank,7.4.1
com.czbank.mbank,5.2.12
cn.com.njcb.android.mobilebank,7.3.4
com.magicpoint.mobile.bank,7.2.9.0
com.hsbank.mobilebank,6.4.1
cn.com.cbhb.mbank.per,6.2.5
com.srcb.pmbank,7.2.7
cn.com.hzb.mobilebank.per,6.1.3
com.gzrcb.mobilebank,7.1.1
com.yitong.cd.mbank.android,7.0.4
cn.com.csbank,6.2.9
com.csii.tianjin.mobilebank,7.0.6
fr.creditagricole.androidapp,36.3.0
com.mufgbank.cmc,9.1.0
net.bnpparibas.mescomptes,5.0.1
com.sovereign.santander,5.9.7
jp.co.smbc.direct,11.3.1
jp.co.mizuhobank.mizuhoapp,5.0.2
com.barclays.android.barclaysmobilebanking,2.97.0
mobi.societegenerale.mobile.lappli,5.12.4
com.ubs.swidKXJ.android,14.06.39531
com.rbc.mobile.android,4.42
com.db.pwcc.dbmobile,1.30.0
com.td,24.04.2
com.cm_prod.bad,V12.24.0
com.ing.mobile,2024.13.0.1
com.latuabancaperandroid,3.16.6
se.nordea.mobilebank,4.17.0.1002529
com.danskebank.mobilebank3.dk,2024.9
com.scb.breezebanking.hk,7.3.6
com.rbs.mobile.android.natwest,07.43.0000.6.0
com.kbstar.kbbank,G6.2.32
com.bancomer.mbanking,24.61.240701
com.scotiabank.banking,2406.0.1
no.apps.dnbnor,2024.06.6
com.bca,4.3.3
com.cic_prod.bad,V12.24.0
