com.cmbchina.MPBBank,12.1.5
com.psbc.mobilebank,9.3.1
com.cib.cibmb,6.0.9
com.spdb.retail.bank,13.0.2
com.citic.mobile,10.0.2
com.cmbc.cn.iphone,8.2
com.cebbank.ebank,11.0.4
com.pingan.creditcard,6.20.1
com.hxb.mobile.client,6.1.1
95526.mobi,8.1.1
com.gdb.mobilegdb,9.1.2
cn.jsbchina.iphone,9.0.5
com.BankOfShangHai.1.0,8.1.1
com.nbcb.mobilebank,7.4.1
com.czbank.mbank,5.2.12
com.njcb.NJCBMobileBank,7.3.5
com.cqrcb.mbank,7.2.9
cn.com.hsbank.personal.iphone,6.4.9
com.cbhb.mbank.per,6.2.5
com.srcb.pmbankiOSClient,7.2.7
com.hzbank.hzbank.per,6.1.2
com.961111.mobilebank,7.1.1
com.bocd.BOCDBankPer,7.0.4
com.bankofchangsha.directBank,6.2.9
cn.com.bank-of-tianjin.wap.mobilebank,7.0.5
fr.creditagricole.monbudget,33.0.0
com.unionbank.ccm,2.1.42
pl.bgzbnpparibas.gomobile,2.18.3
com.sovereign.santander.us.public..Personal-Banking,5.9.5
jp.co.smbc.direct,11.1.1
jp.co.mizuhobank.mizuhoapp,5.0.1
com.barclaycardus.iphonesvc,8.2.3
mobi.societegenerale.mobile.lappli,5.12.4
com.ubs.clientMobile,40.0.2
com.rbcc.mobile.rlz0,1.57
com.db.pbc.ng.mobile,1.35.1
com.tdbank.iphoneapp,8.24.2
ei.cm.release,12.29.0
nl.ing.iphone.app.Bankieren,2023.22.0
com.intesasanpaolo.ibiphone,3.16.5
com.nordea.mobilebank.se,4.12.1
com.danskebank.mobilebank3uk,2023.16
com.sc.breezehk,7.4.1
com.monitise.matm.Monitise-iPhone-NatWest-EN-GB,7.41.0
com.kbstar.global,2.1.5
com.bancomer.bbva.bancomermovil,24.61.240701
com.scotiabank.ccau.mobile,2.2.1
no.dnbnor.toolbox,8.4.0
com.bca.bcamobile,4.3.3
ei.cic.release,12.29.0
,
,
,
,
,
,
